Workbook

Sheet Raw Data
A1: Date | B1: Store | C1: Region | D1: Category | E1: Units Sold | F1: Sales (NGN) | G1: Target (NGN)
A2: 2025-01-01 | B2: Lagos Island | C2: South West | D2: Electronics | E2: 158 | F2: 748090 | G2: 835015
A3: 2025-01-01 | B3: Lagos Island | C3: South West | D3: Apparel | E3: 98 | F3: 824035 | G3: 741882
A4: 2025-01-01 | B4: Lagos Island | C4: South West | D4: Groceries | E4: 153 | F4: 563479 | G4: 578244
A5: 2025-01-01 | B5: Lagos Island | C5: South West | D5: Home & Living | E5: 103 | F5: 377318 | G5: 370250
A6: 2025-02-01 | B6: Lagos Island | C6: South West | D6: Electronics | E6: 181 | F6: 1182321 | G6: 1078372
A7: 2025-02-01 | B7: Lagos Island | C7: South West | D7: Apparel | E7: 57 | F7: 459916 | G7: 432264
A8: 2025-02-01 | B8: Lagos Island | C8: South West | D8: Groceries | E8: 81 | F8: 596798 | G8: 505848
A9: 2025-02-01 | B9: Lagos Island | C9: South West | D9: Home & Living | E9: 41 | F9: 363679 | G9: 437137
A10: 2025-03-01 | B10: Lagos Island | C10: South West | D10: Electronics | E10: 251 | F10: 1014958 | G10: 1271232
A11: 2025-03-01 | B11: Lagos Island | C11: South West | D11: Apparel | E11: 109 | F11: 866470 | G11: 808496
A12: 2025-03-01 | B12: Lagos Island | C12: South West | D12: Groceries | E12: 135 | F12: 1197943 | G12: 1156758
A13: 2025-03-01 | B13: Lagos Island | C13: South West | D13: Home & Living | E13: 59 | F13: 478381 | G13: 458193
... A289: 2025-12-01 | B289: Enugu | C289: South East | D289: Home & Living | E289: 92 | F289: 594767 | G289: 456162

Sheet Store Summary
A1: Store Performance Summary — FY2025
A2: Total Sales vs Target by Store, with variance flags
A4: Store | B4: Region | C4: Total Sales (NGN) | D4: Total Target (NGN) | E4: Variance (NGN) | F4: Variance % | G4: Status
A5: Abuja Central | B5: North Central | C5: =SUMIFS('Raw Data'!$F$2:$F$289,'Raw Data'!$B$2:$B$289,$A5) -> 33604598 | D5: =SUMIFS('Raw Data'!$G$2:$G$289,'Raw Data'!$B$2:$B$289,$A5) -> 42587943 | E5: =C5-D5 -> -8983345 | F5: =IFERROR(E5/D5,0) -> -0.21093634 | G5: =IF(F5>=0,"Above Target","Below Target") -> Below Target
A6: Enugu | B6: South East | C6: =SUMIFS('Raw Data'!$F$2:$F$289,'Raw Data'!$B$2:$B$289,$A6) -> 55538912 | D6: =SUMIFS('Raw Data'!$G$2:$G$289,'Raw Data'!$B$2:$B$289,$A6) -> 44609129 | E6: =C6-D6 -> 10929783 | F6: =IFERROR(E6/D6,0) -> 0.24501225 | G6: =IF(F6>=0,"Above Target","Below Target") -> Above Target
A7: Ikeja | B7: South West | C7: =SUMIFS('Raw Data'!$F$2:$F$289,'Raw Data'!$B$2:$B$289,$A7) -> 37735917 | D7: =SUMIFS('Raw Data'!$G$2:$G$289,'Raw Data'!$B$2:$B$289,$A7) -> 43100915 | E7: =C7-D7 -> -5364998 | F7: =IFERROR(E7/D7,0) -> -0.12447527 | G7: =IF(F7>=0,"Above Target","Below Target") -> Below Target
A8: Kano | B8: North West | C8: =SUMIFS('Raw Data'!$F$2:$F$289,'Raw Data'!$B$2:$B$289,$A8) -> 40521165 | D8: =SUMIFS('Raw Data'!$G$2:$G$289,'Raw Data'!$B$2:$B$289,$A8) -> 45205930 | E8: =C8-D8 -> -4684765 | F8: =IFERROR(E8/D8,0) -> -0.10363165 | G8: =IF(F8>=0,"Above Target","Below Target") -> Below Target
A9: Lagos Island | B9: South West | C9: =SUMIFS('Raw Data'!$F$2:$F$289,'Raw Data'!$B$2:$B$289,$A9) -> 43680421 | D9: =SUMIFS('Raw Data'!$G$2:$G$289,'Raw Data'!$B$2:$B$289,$A9) -> 39713785 | E9: =C9-D9 -> 3966636 | F9: =IFERROR(E9/D9,0) -> 0.099880583 | G9: =IF(F9>=0,"Above Target","Below Target") -> Above Target
A10: Port Harcourt | B10: South South | C10: =SUMIFS('Raw Data'!$F$2:$F$289,'Raw Data'!$B$2:$B$289,$A10) -> 34205734 | D10: =SUMIFS('Raw Data'!$G$2:$G$289,'Raw Data'!$B$2:$B$289,$A10) -> 44087613 | E10: =C10-D10 -> -9881879 | F10: =IFERROR(E10/D10,0) -> -0.22414185 | G10: =IF(F10>=0,"Above Target","Below Target") -> Below Target
A12: COMPANY TOTAL | C12: =SUM(C5:C10) -> 245286747 | D12: =SUM(D5:D10) -> 259305315 | E12: =C12-D12 -> -14018568 | F12: =IFERROR(E12/D12,0) -> -0.054062016

Sheet Dashboard
B2: Retail Sales Performance Dashboard
B3: FY2025 | 6 Stores | 4 Categories | Live from Raw Data sheet
B5: Total Sales (NGN) | E5: Total Target (NGN) | H5: Overall Variance % | K5: Top Performing Store
B6: ='Store Summary'!C12 -> 245286747 | E6: ='Store Summary'!D12 -> 259305315 | H6: ='Store Summary'!F12 -> -0.054062016 | K6: =INDEX('Store Summary'!A5:A10,MATCH(MAX('Store Summary'!F5:F10),'Store Summary'!F5:F10,0)) -> Enugu
