Workbook

Sheet Sheet1
A2: Attrition | B2: Yes
A4: Department | B4: Count of Attrition | C4: Count of Attrition2 | D4: Sum of Attrition Rate = Attrition_Count / Headcount_Count
A5: Customer Support | B5: 12 | C5: 0.17142857 | D5: 0
A6: Engineering | B6: 8 | C6: 0.11428571 | D6: 0
A7: Finance | B7: 11 | C7: 0.15714286 | D7: 0
A8: HR | B8: 11 | C8: 0.15714286 | D8: 0
A9: Operations | B9: 11 | C9: 0.15714286 | D9: 0
A10: Sales | B10: 17 | C10: 0.24285714 | D10: 0
A11: Grand Total | B11: 70 | C11: 1 | D11: 0

Sheet Employee Data
A1: Employee ID | B1: Department | C1: Job Role | D1: Age | E1: Gender | F1: Tenure (Years) | G1: Tenure Band | H1: Salary Band | I1: Performance Rating | J1: OverTime | K1: Attrition | L1: Reason for Leaving | N1: Note: Tenure Band is a live formula column — this is what lets you drag a clean
A2: 1001 | B2: Sales | C2: Sales Lead | D2: 57 | E2: Female | F2: 2.7 | G2: =IF(F2<1,"0-1 yrs",IF(F2<3,"1-3 yrs",IF(F2<7,"3-7 yrs","7+ yrs"))) -> 1-3 yrs | H2: Medium | I2: 2 | J2: Yes | K2: Yes | L2: Management Issues | N2: categorical field into a PivotTable instead of grouping raw decimal years manually.
A3: 1002 | B3: Sales | C3: Sales Lead | D3: 24 | E3: Female | F3: 1 | G3: =IF(F3<1,"0-1 yrs",IF(F3<3,"1-3 yrs",IF(F3<7,"3-7 yrs","7+ yrs"))) -> 1-3 yrs | H3: Low | I3: 1 | J3: No | K3: Yes | L3: Compensation
A4: 1003 | B4: Sales | C4: Sales Rep | D4: 42 | E4: Female | F4: 0.6 | G4: =IF(F4<1,"0-1 yrs",IF(F4<3,"1-3 yrs",IF(F4<7,"3-7 yrs","7+ yrs"))) -> 0-1 yrs | H4: Medium | I4: 3 | J4: No | K4: No
A5: 1004 | B5: Sales | C5: Account Manager | D5: 27 | E5: Female | F5: 4.2 | G5: =IF(F5<1,"0-1 yrs",IF(F5<3,"1-3 yrs",IF(F5<7,"3-7 yrs","7+ yrs"))) -> 3-7 yrs | H5: Low | I5: 3 | J5: Yes | K5: Yes | L5: Management Issues
A6: 1005 | B6: Sales | C6: Sales Rep | D6: 22 | E6: Male | F6: 2.8 | G6: =IF(F6<1,"0-1 yrs",IF(F6<3,"1-3 yrs",IF(F6<7,"3-7 yrs","7+ yrs"))) -> 1-3 yrs | H6: Medium | I6: 3 | J6: No | K6: Yes | L6: Work-Life Balance
A7: 1006 | B7: Sales | C7: Sales Rep | D7: 43 | E7: Male | F7: 1 | G7: =IF(F7<1,"0-1 yrs",IF(F7<3,"1-3 yrs",IF(F7<7,"3-7 yrs","7+ yrs"))) -> 1-3 yrs | H7: Medium | I7: 3 | J7: No | K7: Yes | L7: Relocation
A8: 1007 | B8: Sales | C8: Sales Lead | D8: 34 | E8: Male | F8: 0.4 | G8: =IF(F8<1,"0-1 yrs",IF(F8<3,"1-3 yrs",IF(F8<7,"3-7 yrs","7+ yrs"))) -> 0-1 yrs | H8: Low | I8: 5 | J8: Yes | K8: Yes | L8: Relocation
A9: 1008 | B9: Sales | C9: Account Manager | D9: 58 | E9: Male | F9: 4.8 | G9: =IF(F9<1,"0-1 yrs",IF(F9<3,"1-3 yrs",IF(F9<7,"3-7 yrs","7+ yrs"))) -> 3-7 yrs | H9: Medium | I9: 2 | J9: Yes | K9: No
A10: 1009 | B10: Sales | C10: Account Manager | D10: 22 | E10: Female | F10: 1.9 | G10: =IF(F10<1,"0-1 yrs",IF(F10<3,"1-3 yrs",IF(F10<7,"3-7 yrs","7+ yrs"))) -> 1-3 yrs | H10: Low | I10: 2 | J10: No | K10: No
A11: 1010 | B11: Sales | C11: Account Manager | D11: 37 | E11: Male | F11: 2.3 | G11: =IF(F11<1,"0-1 yrs",IF(F11<3,"1-3 yrs",IF(F11<7,"3-7 yrs","7+ yrs"))) -> 1-3 yrs | H11: Medium | I11: 3 | J11: Yes | K11: Yes | L11: Work-Life Balance
A12: 1011 | B12: Sales | C12: Sales Lead | D12: 37 | E12: Female | F12: 0.3 | G12: =IF(F12<1,"0-1 yrs",IF(F12<3,"1-3 yrs",IF(F12<7,"3-7 yrs","7+ yrs"))) -> 0-1 yrs | H12: High | I12: 2 | J12: No | K12: No
A13: 1012 | B13: Sales | C13: Sales Rep | D13: 26 | E13: Female | F13: 2.8 | G13: =IF(F13<1,"0-1 yrs",IF(F13<3,"1-3 yrs",IF(F13<7,"3-7 yrs","7+ yrs"))) -> 1-3 yrs | H13: Low | I13: 3 | J13: Yes | K13: Yes | L13: Career Growth
A14: 1013 | B14: Sales | C14: Sales Rep | D14: 27 | E14: Female | F14: 1.9 | G14: =IF(F14<1,"0-1 yrs",IF(F14<3,"1-3 yrs",IF(F14<7,"3-7 yrs","7+ yrs"))) -> 1-3 yrs | H14: Medium | I14: 5 | J14: No | K14: Yes | L14: Work-Life Balance
A15: 1014 | B15: Sales | C15: Sales Rep | D15: 24 | E15: Male | F15: 0.6 | G15: =IF(F15<1,"0-1 yrs",IF(F15<3,"1-3 yrs",IF(F15<7,"3-7 yrs","7+ yrs"))) -> 0-1 yrs | H15: Low | I15: 4 | J15: No | K15: No
A16: 1015 | B16: Sales | C16: Sales Rep | D16: 30 | E16: Female | F16: 2.4 | G16: =IF(F16<1,"0-1 yrs",IF(F16<3,"1-3 yrs",IF(F16<7,"3-7 yrs","7+ yrs"))) -> 1-3 yrs | H16: High | I16: 4 | J16: No | K16: No
A17: 1016 | B17: Sales | C17: Account Manager | D17: 22 | E17: Male | F17: 7 | G17: =IF(F17<1,"0-1 yrs",IF(F17<3,"1-3 yrs",IF(F17<7,"3-7 yrs","7+ yrs"))) -> 7+ yrs | H17: High | I17: 4 | J17: No | K17: No
A18: 1017 | B18: Sales | C18: Sales Lead | D18: 56 | E18: Male | F18: 0.5 | G18: =IF(F18<1,"0-1 yrs",IF(F18<3,"1-3 yrs",IF(F18<7,"3-7 yrs","7+ yrs"))) -> 0-1 yrs | H18: Low | I18: 4 | J18: No | K18: Yes | L18: Better Offer
A19: 1018 | B19: Sales | C19: Account Manager | D19: 45 | E19: Female | F19: 2.2 | G19: =IF(F19<1,"0-1 yrs",IF(F19<3,"1-3 yrs",IF(F19<7,"3-7 yrs","7+ yrs"))) -> 1-3 yrs | H19: Medium | I19: 3 | J19: No | K19: Yes | L19: Management Issues
A20: 1019 | B20: Sales | C20: Account Manager | D20: 49 | E20: Male | F20: 0.9 | G20: =IF(F20<1,"0-1 yrs",IF(F20<3,"1-3 yrs",IF(F20<7,"3-7 yrs","7+ yrs"))) -> 0-1 yrs | H20: Medium | I20: 5 | J20: Yes | K20: Yes | L20: Work-Life Balance
A21: 1020 | B21: Sales | C21: Account Manager | D21: 32 | E21: Male | F21: 3.9 | G21: =IF(F21<1,"0-1 yrs",IF(F21<3,"1-3 yrs",IF(F21<7,"3-7 yrs","7+ yrs"))) -> 3-7 yrs | H21: Medium | I21: 4 | J21: No | K21: No
A22: 1021 | B22: Sales | C22: Account Manager | D22: 42 | E22: Male | F22: 1.6 | G22: =IF(F22<1,"0-1 yrs",IF(F22<3,"1-3 yrs",IF(F22<7,"3-7 yrs","7+ yrs"))) -> 1-3 yrs | H22: Low | I22: 4 | J22: Yes | K22: Yes | L22: Compensation
A23: 1022 | B23: Sales | C23: Sales Rep | D23: 34 | E23: Male | F23: 13.4 | G23: =IF(F23<1,"0-1 yrs",IF(F23<3,"1-3 yrs",IF(F23<7,"3-7 yrs","7+ yrs"))) -> 7+ yrs | H23: Medium | I23: 4 | J23: No | K23: No
A24: 1023 | B24: Sales | C24: Sales Lead | D24: 26 | E24: Male | F24: 2 | G24: =IF(F24<1,"0-1 yrs",IF(F24<3,"1-3 yrs",IF(F24<7,"3-7 yrs","7+ yrs"))) -> 1-3 yrs | H24: Low | I24: 3 | J24: No | K24: No
A25: 1024 | B25: Sales | C25: Sales Lead | D25: 55 | E25: Male | F25: 7.7 | G25: =IF(F25<1,"0-1 yrs",IF(F25<3,"1-3 yrs",IF(F25<7,"3-7 yrs","7+ yrs"))) -> 7+ yrs | H25: Medium | I25: 3 | J25: Yes | K25: No
A26: 1025 | B26: Sales | C26: Account Manager | D26: 22 | E26: Female | F26: 2.3 | G26: =IF(F26<1,"0-1 yrs",IF(F26<3,"1-3 yrs",IF(F26<7,"3-7 yrs","7+ yrs"))) -> 1-3 yrs | H26: Medium | I26: 3 | J26: No | K26: No
A27: 1026 | B27: Sales | C27: Account Manager | D27: 29 | E27: Male | F27: 9.5 | G27: =IF(F27<1,"0-1 yrs",IF(F27<3,"1-3 yrs",IF(F27<7,"3-7 yrs","7+ yrs"))) -> 7+ yrs | H27: Low | I27: 4 | J27: Yes | K27: No
A28: 1027 | B28: Sales | C28: Sales Rep | D28: 24 | E28: Female | F28: 0.3 | G28: =IF(F28<1,"0-1 yrs",IF(F28<3,"1-3 yrs",IF(F28<7,"3-7 yrs","7+ yrs"))) -> 0-1 yrs | H28: Medium | I28: 1 | J28: No | K28: Yes | L28: Career Growth
A29: 1028 | B29: Sales | C29: Account Manager | D29: 52 | E29: Male | F29: 2.8 | G29: =IF(F29<1,"0-1 yrs",IF(F29<3,"1-3 yrs",IF(F29<7,"3-7 yrs","7+ yrs"))) -> 1-3 yrs | H29: Medium | I29: 4 | J29: No | K29: No
A30: 1029 | B30: Sales | C30: Account Manager | D30: 57 | E30: Female | F30: 11.1 | G30: =IF(F30<1,"0-1 yrs",IF(F30<3,"1-3 yrs",IF(F30<7,"3-7 yrs","7+ yrs"))) -> 7+ yrs | H30: Low | I30: 3 | J30: No | K30: No
A31: 1030 | B31: Sales | C31: Sales Lead | D31: 35 | E31: Female | F31: 0.9 | G31: =IF(F31<1,"0-1 yrs",IF(F31<3,"1-3 yrs",IF(F31<7,"3-7 yrs","7+ yrs"))) -> 0-1 yrs | H31: Low | I31: 1 | J31: Yes | K31: Yes | L31: Better Offer
A32: 1031 | B32: Sales | C32: Sales Lead | D32: 55 | E32: Female | F32: 0.5 | G32: =IF(F32<1,"0-1 yrs",IF(F32<3,"1-3 yrs",IF(F32<7,"3-7 yrs","7+ yrs"))) -> 0-1 yrs | H32: Medium | I32: 5 | J32: No | K32: Yes | L32: Career Growth
A33: 1032 | B33: Sales | C33: Account Manager | D33: 52 | E33: Female | F33: 1.9 | G33: =IF(F33<1,"0-1 yrs",IF(F33<3,"1-3 yrs",IF(F33<7,"3-7 yrs","7+ yrs"))) -> 1-3 yrs | H33: Low | I33: 3 | J33: Yes | K33: Yes | L33: Management Issues
A34: 1033 | B34: Sales | C34: Sales Lead | D34: 23 | E34: Male | F34: 1.5 | G34: =IF(F34<1,"0-1 yrs",IF(F34<3,"1-3 yrs",IF(F34<7,"3-7 yrs","7+ yrs"))) -> 1-3 yrs | H34: Medium | I34: 3 | J34: No | K34: No
A35: 1034 | B35: Sales | C35: Sales Lead | D35: 38 | E35: Male | F35: 3.1 | G35: =IF(F35<1,"0-1 yrs",IF(F35<3,"1-3 yrs",IF(F35<7,"3-7 yrs","7+ yrs"))) -> 3-7 yrs | H35: Low | I35: 3 | J35: No | K35: No
A36: 1035 | B36: Sales | C36: Account Manager | D36: 55 | E36: Male | F36: 6.4 | G36: =IF(F36<1,"0-1 yrs",IF(F36<3,"1-3 yrs",IF(F36<7,"3-7 yrs","7+ yrs"))) -> 3-7 yrs | H36: High | I36: 3 | J36: Yes | K36: No
A37: 1036 | B37: Engineering | C37: QA Engineer | D37: 34 | E37: Male | F37: 0.1 | G37: =IF(F37<1,"0-1 yrs",IF(F37<3,"1-3 yrs",IF(F37<7,"3-7 yrs","7+ yrs"))) -> 0-1 yrs | H37: Medium | I37: 4 | J37: Yes | K37: No
A38: 1037 | B38: Engineering | C38: DevOps Engineer | D38: 23 | E38: Male | F38: 0.2 | G38: =IF(F38<1,"0-1 yrs",IF(F38<3,"1-3 yrs",IF(F38<7,"3-7 yrs","7+ yrs"))) -> 0-1 yrs | H38: Medium | I38: 3 | J38: No | K38: No
A39: 1038 | B39: Engineering | C39: Software Engineer | D39: 26 | E39: Female | F39: 1.1 | G39: =IF(F39<1,"0-1 yrs",IF(F39<3,"1-3 yrs",IF(F39<7,"3-7 yrs","7+ yrs"))) -> 1-3 yrs | H39: Low | I39: 2 | J39: Yes | K39: Yes | L39: Work-Life Balance
A40: 1039 | B40: Engineering | C40: QA Engineer | D40: 28 | E40: Male | F40: 2.4 | G40: =IF(F40<1,"0-1 yrs",IF(F40<3,"1-3 yrs",IF(F40<7,"3-7 yrs","7+ yrs"))) -> 1-3 yrs | H40: Medium | I40: 3 | J40: No | K40: Yes | L40: Management Issues
A41: 1040 | B41: Engineering | C41: Software Engineer | D41: 24 | E41: Male | F41: 0.2 | G41: =IF(F41<1,"0-1 yrs",IF(F41<3,"1-3 yrs",IF(F41<7,"3-7 yrs","7+ yrs"))) -> 0-1 yrs | H41: Low | I41: 4 | J41: Yes | K41: Yes | L41: Management Issues
A42: 1041 | B42: Engineering | C42: DevOps Engineer | D42: 47 | E42: Male | F42: 9.1 | G42: =IF(F42<1,"0-1 yrs",IF(F42<3,"1-3 yrs",IF(F42<7,"3-7 yrs","7+ yrs"))) -> 7+ yrs | H42: Medium | I42: 2 | J42: No | K42: Yes | L42: Work-Life Balance
A43: 1042 | B43: Engineering | C43: QA Engineer | D43: 56 | E43: Female | F43: 0.8 | G43: =IF(F43<1,"0-1 yrs",IF(F43<3,"1-3 yrs",IF(F43<7,"3-7 yrs","7+ yrs"))) -> 0-1 yrs | H43: Low | I43: 2 | J43: No | K43: No
A44: 1043 | B44: Engineering | C44: Software Engineer | D44: 25 | E44: Male | F44: 2.9 | G44: =IF(F44<1,"0-1 yrs",IF(F44<3,"1-3 yrs",IF(F44<7,"3-7 yrs","7+ yrs"))) -> 1-3 yrs | H44: Medium | I44: 3 | J44: No | K44: No
A45: 1044 | B45: Engineering | C45: QA Engineer | D45: 29 | E45: Female | F45: 1 | G45: =IF(F45<1,"0-1 yrs",IF(F45<3,"1-3 yrs",IF(F45<7,"3-7 yrs","7+ yrs"))) -> 1-3 yrs | H45: Medium | I45: 4 | J45: No | K45: Yes | L45: Work-Life Balance
A46: 1045 | B46: Engineering | C46: Software Engineer | D46: 38 | E46: Female | F46: 2.1 | G46: =IF(F46<1,"0-1 yrs",IF(F46<3,"1-3 yrs",IF(F46<7,"3-7 yrs","7+ yrs"))) -> 1-3 yrs | H46: Medium | I46: 4 | J46: Yes | K46: No
A47: 1046 | B47: Engineering | C47: DevOps Engineer | D47: 24 | E47: Female | F47: 1.3 | G47: =IF(F47<1,"0-1 yrs",IF(F47<3,"1-3 yrs",IF(F47<7,"3-7 yrs","7+ yrs"))) -> 1-3 yrs | H47: Medium | I47: 3 | J47: No | K47: No
A48: 1047 | B48: Engineering | C48: DevOps Engineer | D48: 47 | E48: Female | F48: 1.6 | G48: =IF(F48<1,"0-1 yrs",IF(F48<3,"1-3 yrs",IF(F48<7,"3-7 yrs","7+ yrs"))) -> 1-3 yrs | H48: Medium | I48: 1 | J48: No | K48: No
A49: 1048 | B49: Engineering | C49: DevOps Engineer | D49: 32 | E49: Female | F49: 0.8 | G49: =IF(F49<1,"0-1 yrs",IF(F49<3,"1-3 yrs",IF(F49<7,"3-7 yrs","7+ yrs"))) -> 0-1 yrs | H49: High | I49: 2 | J49: No | K49: No
A50: 1049 | B50: Engineering | C50: QA Engineer | D50: 52 | E50: Female | F50: 5.1 | G50: =IF(F50<1,"0-1 yrs",IF(F50<3,"1-3 yrs",IF(F50<7,"3-7 yrs","7+ yrs"))) -> 3-7 yrs | H50: Low | I50: 5 | J50: Yes | K50: No
A51: 1050 | B51: Engineering | C51: QA Engineer | D51: 25 | E51: Female | F51: 0.5 | G51: =IF(F51<1,"0-1 yrs",IF(F51<3,"1-3 yrs",IF(F51<7,"3-7 yrs","7+ yrs"))) -> 0-1 yrs | H51: Low | I51: 3 | J51: No | K51: No
A52: 1051 | B52: Engineering | C52: Software Engineer | D52: 48 | E52: Female | F52: 7 | G52: =IF(F52<1,"0-1 yrs",IF(F52<3,"1-3 yrs",IF(F52<7,"3-7 yrs","7+ yrs"))) -> 7+ yrs | H52: Medium | I52: 3 | J52: Yes | K52: No
A53: 1052 | B53: Engineering | C53: Software Engineer | D53: 44 | E53: Female | F53: 5.3 | G53: =IF(F53<1,"0-1 yrs",IF(F53<3,"1-3 yrs",IF(F53<7,"3-7 yrs","7+ yrs"))) -> 3-7 yrs | H53: Low | I53: 3 | J53: No | K53: No
A54: 1053 | B54: Engineering | C54: QA Engineer | D54: 24 | E54: Male | F54: 0 | G54: =IF(F54<1,"0-1 yrs",IF(F54<3,"1-3 yrs",IF(F54<7,"3-7 yrs","7+ yrs"))) -> 0-1 yrs | H54: Low | I54: 2 | J54: No | K54: Yes | L54: Management Issues
A55: 1054 | B55: Engineering | C55: Software Engineer | D55: 45 | E55: Female | F55: 4.4 | G55: =IF(F55<1,"0-1 yrs",IF(F55<3,"1-3 yrs",IF(F55<7,"3-7 yrs","7+ yrs"))) -> 3-7 yrs | H55: High | I55: 3 | J55: No | K55: No
A56: 1055 | B56: Engineering | C56: DevOps Engineer | D56: 35 | E56: Female | F56: 6.2 | G56: =IF(F56<1,"0-1 yrs",IF(F56<3,"1-3 yrs",IF(F56<7,"3-7 yrs","7+ yrs"))) -> 3-7 yrs | H56: Low | I56: 4 | J56: No | K56: No
A57: 1056 | B57: Engineering | C57: DevOps Engineer | D57: 49 | E57: Female | F57: 1.9 | G57: =IF(F57<1,"0-1 yrs",IF(F57<3,"1-3 yrs",IF(F57<7,"3-7 yrs","7+ yrs"))) -> 1-3 yrs | H57: Medium | I57: 4 | J57: Yes | K57: No
A58: 1057 | B58: Engineering | C58: DevOps Engineer | D58: 26 | E58: Female | F58: 3.3 | G58: =IF(F58<1,"0-1 yrs",IF(F58<3,"1-3 yrs",IF(F58<7,"3-7 yrs","7+ yrs"))) -> 3-7 yrs | H58: Low | I58: 5 | J58: Yes | K58: No
A59: 1058 | B59: Engineering | C59: DevOps Engineer | D59: 42 | E59: Female | F59: 11.8 | G59: =IF(F59<1,"0-1 yrs",IF(F59<3,"1-3 yrs",IF(F59<7,"3-7 yrs","7+ yrs"))) -> 7+ yrs | H59: High | I59: 3 | J59: No | K59: No
A60: 1059 | B60: Engineering | C60: QA Engineer | D60: 42 | E60: Male | F60: 2.9 | G60: =IF(F60<1,"0-1 yrs",IF(F60<3,"1-3 yrs",IF(F60<7,"3-7 yrs","7+ yrs"))) -> 1-3 yrs | H60: Low | I60: 4 | J60: No | K60: No
A61: 1060 | B61: Engineering | C61: QA Engineer | D61: 58 | E61: Female | F61: 0.8 | G61: =IF(F61<1,"0-1 yrs",IF(F61<3,"1-3 yrs",IF(F61<7,"3-7 yrs","7+ yrs"))) -> 0-1 yrs | H61: High | I61: 3 | J61: Yes | K61: No
A62: 1061 | B62: Engineering | C62: DevOps Engineer | D62: 56 | E62: Male | F62: 0.6 | G62: =IF(F62<1,"0-1 yrs",IF(F62<3,"1-3 yrs",IF(F62<7,"3-7 yrs","7+ yrs"))) -> 0-1 yrs | H62: Low | I62: 4 | J62: Yes | K62: Yes | L62: Better Offer
A63: 1062 | B63: Engineering | C63: DevOps Engineer | D63: 42 | E63: Male | F63: 2.3 | G63: =IF(F63<1,"0-1 yrs",IF(F63<3,"1-3 yrs",IF(F63<7,"3-7 yrs","7+ yrs"))) -> 1-3 yrs | H63: Low | I63: 4 | J63: No | K63: No
A64: 1063 | B64: Engineering | C64: DevOps Engineer | D64: 47 | E64: Female | F64: 2.9 | G64: =IF(F64<1,"0-1 yrs",IF(F64<3,"1-3 yrs",IF(F64<7,"3-7 yrs","7+ yrs"))) -> 1-3 yrs | H64: Low | I64: 4 | J64: Yes | K64: No
A65: 1064 | B65: Engineering | C65: DevOps Engineer | D65: 44 | E65: Male | F65: 6.6 | G65: =IF(F65<1,"0-1 yrs",IF(F65<3,"1-3 yrs",IF(F65<7,"3-7 yrs","7+ yrs"))) -> 3-7 yrs | H65: Medium | I65: 1 | J65: Yes | K65: No
A66: 1065 | B66: Engineering | C66: QA Engineer | D66: 31 | E66: Male | F66: 0.7 | G66: =IF(F66<1,"0-1 yrs",IF(F66<3,"1-3 yrs",IF(F66<7,"3-7 yrs","7+ yrs"))) -> 0-1 yrs | H66: Medium | I66: 3 | J66: No | K66: No
A67: 1066 | B67: Engineering | C67: DevOps Engineer | D67: 29 | E67: Female | F67: 2.6 | G67: =IF(F67<1,"0-1 yrs",IF(F67<3,"1-3 yrs",IF(F67<7,"3-7 yrs","7+ yrs"))) -> 1-3 yrs | H67: Medium | I67: 4 | J67: Yes | K67: Yes | L67: Work-Life Balance
A68: 1067 | B68: Customer Support | C68: Support Team Lead | D68: 37 | E68: Female | F68: 0.6 | G68: =IF(F68<1,"0-1 yrs",IF(F68<3,"1-3 yrs",IF(F68<7,"3-7 yrs","7+ yrs"))) -> 0-1 yrs | H68: Medium | I68: 5 | J68: No | K68: No
A69: 1068 | B69: Customer Support | C69: Support Agent | D69: 53 | E69: Female | F69: 1.7 | G69: =IF(F69<1,"0-1 yrs",IF(F69<3,"1-3 yrs",IF(F69<7,"3-7 yrs","7+ yrs"))) -> 1-3 yrs | H69: Medium | I69: 3 | J69: Yes | K69: No
A70: 1069 | B70: Customer Support | C70: Support Team Lead | D70: 55 | E70: Female | F70: 14.1 | G70: =IF(F70<1,"0-1 yrs",IF(F70<3,"1-3 yrs",IF(F70<7,"3-7 yrs","7+ yrs"))) -> 7+ yrs | H70: Medium | I70: 3 | J70: No | K70: No
A71: 1070 | B71: Customer Support | C71: Support Team Lead | D71: 48 | E71: Male | F71: 0.8 | G71: =IF(F71<1,"0-1 yrs",IF(F71<3,"1-3 yrs",IF(F71<7,"3-7 yrs","7+ yrs"))) -> 0-1 yrs | H71: Medium | I71: 2 | J71: No | K71: Yes | L71: Career Growth
A72: 1071 | B72: Customer Support | C72: Support Team Lead | D72: 31 | E72: Male | F72: 1.5 | G72: =IF(F72<1,"0-1 yrs",IF(F72<3,"1-3 yrs",IF(F72<7,"3-7 yrs","7+ yrs"))) -> 1-3 yrs | H72: Low | I72: 4 | J72: No | K72: No
A73: 1072 | B73: Customer Support | C73: Support Team Lead | D73: 23 | E73: Male | F73: 0.4 | G73: =IF(F73<1,"0-1 yrs",IF(F73<3,"1-3 yrs",IF(F73<7,"3-7 yrs","7+ yrs"))) -> 0-1 yrs | H73: Medium | I73: 2 | J73: No | K73: Yes | L73: Work-Life Balance
A74: 1073 | B74: Customer Support | C74: Support Agent | D74: 47 | E74: Male | F74: 0.6 | G74: =IF(F74<1,"0-1 yrs",IF(F74<3,"1-3 yrs",IF(F74<7,"3-7 yrs","7+ yrs"))) -> 0-1 yrs | H74: Low | I74: 3 | J74: No | K74: No
A75: 1074 | B75: Customer Support | C75: Support Team Lead | D75: 29 | E75: Female | F75: 1.8 | G75: =IF(F75<1,"0-1 yrs",IF(F75<3,"1-3 yrs",IF(F75<7,"3-7 yrs","7+ yrs"))) -> 1-3 yrs | H75: Medium | I75: 5 | J75: No | K75: No
A76: 1075 | B76: Customer Support | C76: Support Agent | D76: 31 | E76: Female | F76: 6 | G76: =IF(F76<1,"0-1 yrs",IF(F76<3,"1-3 yrs",IF(F76<7,"3-7 yrs","7+ yrs"))) -> 3-7 yrs | H76: Low | I76: 3 | J76: No | K76: Yes | L76: Work-Life Balance
A77: 1076 | B77: Customer Support | C77: Support Agent | D77: 58 | E77: Female | F77: 0.7 | G77: =IF(F77<1,"0-1 yrs",IF(F77<3,"1-3 yrs",IF(F77<7,"3-7 yrs","7+ yrs"))) -> 0-1 yrs | H77: Low | I77: 4 | J77: Yes | K77: Yes | L77: Better Offer
A78: 1077 | B78: Customer Support | C78: Support Team Lead | D78: 51 | E78: Male | F78: 6.9 | G78: =IF(F78<1,"0-1 yrs",IF(F78<3,"1-3 yrs",IF(F78<7,"3-7 yrs","7+ yrs"))) -> 3-7 yrs | H78: High | I78: 3 | J78: No | K78: No
A79: 1078 | B79: Customer Support | C79: Support Team Lead | D79: 31 | E79: Female | F79: 5.5 | G79: =IF(F79<1,"0-1 yrs",IF(F79<3,"1-3 yrs",IF(F79<7,"3-7 yrs","7+ yrs"))) -> 3-7 yrs | H79: High | I79: 4 | J79: No | K79: No
A80: 1079 | B80: Customer Support | C80: Support Team Lead | D80: 23 | E80: Female | F80: 1.7 | G80: =IF(F80<1,"0-1 yrs",IF(F80<3,"1-3 yrs",IF(F80<7,"3-7 yrs","7+ yrs"))) -> 1-3 yrs | H80: Medium | I80: 4 | J80: No | K80: Yes | L80: Relocation
A81: 1080 | B81: Customer Support | C81: Support Agent | D81: 41 | E81: Male | F81: 12.7 | G81: =IF(F81<1,"0-1 yrs",IF(F81<3,"1-3 yrs",IF(F81<7,"3-7 yrs","7+ yrs"))) -> 7+ yrs | H81: Medium | I81: 1 | J81: No | K81: No
A82: 1081 | B82: Customer Support | C82: Support Team Lead | D82: 30 | E82: Male | F82: 7.7 | G82: =IF(F82<1,"0-1 yrs",IF(F82<3,"1-3 yrs",IF(F82<7,"3-7 yrs","7+ yrs"))) -> 7+ yrs | H82: Medium | I82: 2 | J82: No | K82: Yes | L82: Relocation
A83: 1082 | B83: Customer Support | C83: Support Agent | D83: 56 | E83: Male | F83: 6.6 | G83: =IF(F83<1,"0-1 yrs",IF(F83<3,"1-3 yrs",IF(F83<7,"3-7 yrs","7+ yrs"))) -> 3-7 yrs | H83: Low | I83: 4 | J83: Yes | K83: No
A84: 1083 | B84: Customer Support | C84: Support Agent | D84: 37 | E84: Female | F84: 0.8 | G84: =IF(F84<1,"0-1 yrs",IF(F84<3,"1-3 yrs",IF(F84<7,"3-7 yrs","7+ yrs"))) -> 0-1 yrs | H84: Medium | I84: 5 | J84: No | K84: Yes | L84: Management Issues
A85: 1084 | B85: Customer Support | C85: Support Team Lead | D85: 46 | E85: Male | F85: 0.2 | G85: =IF(F85<1,"0-1 yrs",IF(F85<3,"1-3 yrs",IF(F85<7,"3-7 yrs","7+ yrs"))) -> 0-1 yrs | H85: Low | I85: 3 | J85: Yes | K85: Yes | L85: Work-Life Balance
A86: 1085 | B86: Customer Support | C86: Support Team Lead | D86: 25 | E86: Male | F86: 0.7 | G86: =IF(F86<1,"0-1 yrs",IF(F86<3,"1-3 yrs",IF(F86<7,"3-7 yrs","7+ yrs"))) -> 0-1 yrs | H86: Medium | I86: 4 | J86: No | K86: No
A87: 1086 | B87: Customer Support | C87: Support Agent | D87: 40 | E87: Female | F87: 6.6 | G87: =IF(F87<1,"0-1 yrs",IF(F87<3,"1-3 yrs",IF(F87<7,"3-7 yrs","7+ yrs"))) -> 3-7 yrs | H87: Medium | I87: 5 | J87: No | K87: No
A88: 1087 | B88: Customer Support | C88: Support Team Lead | D88: 49 | E88: Female | F88: 12.8 | G88: =IF(F88<1,"0-1 yrs",IF(F88<3,"1-3 yrs",IF(F88<7,"3-7 yrs","7+ yrs"))) -> 7+ yrs | H88: Medium | I88: 4 | J88: Yes | K88: No
A89: 1088 | B89: Customer Support | C89: Support Agent | D89: 26 | E89: Male | F89: 0.1 | G89: =IF(F89<1,"0-1 yrs",IF(F89<3,"1-3 yrs",IF(F89<7,"3-7 yrs","7+ yrs"))) -> 0-1 yrs | H89: Medium | I89: 3 | J89: Yes | K89: Yes | L89: Career Growth
A90: 1089 | B90: Customer Support | C90: Support Agent | D90: 26 | E90: Female | F90: 6.2 | G90: =IF(F90<1,"0-1 yrs",IF(F90<3,"1-3 yrs",IF(F90<7,"3-7 yrs","7+ yrs"))) -> 3-7 yrs | H90: High | I90: 2 | J90: No | K90: Yes | L90: Relocation
A91: 1090 | B91: Customer Support | C91: Support Team Lead | D91: 58 | E91: Female | F91: 0 | G91: =IF(F91<1,"0-1 yrs",IF(F91<3,"1-3 yrs",IF(F91<7,"3-7 yrs","7+ yrs"))) -> 0-1 yrs | H91: High | I91: 3 | J91: Yes | K91: No
A92: 1091 | B92: Customer Support | C92: Support Team Lead | D92: 24 | E92: Female | F92: 11 | G92: =IF(F92<1,"0-1 yrs",IF(F92<3,"1-3 yrs",IF(F92<7,"3-7 yrs","7+ yrs"))) -> 7+ yrs | H92: High | I92: 3 | J92: No | K92: No
A93: 1092 | B93: Customer Support | C93: Support Agent | D93: 25 | E93: Male | F93: 6.6 | G93: =IF(F93<1,"0-1 yrs",IF(F93<3,"1-3 yrs",IF(F93<7,"3-7 yrs","7+ yrs"))) -> 3-7 yrs | H93: Medium | I93: 3 | J93: No | K93: No
A94: 1093 | B94: Customer Support | C94: Support Agent | D94: 28 | E94: Female | F94: 6.6 | G94: =IF(F94<1,"0-1 yrs",IF(F94<3,"1-3 yrs",IF(F94<7,"3-7 yrs","7+ yrs"))) -> 3-7 yrs | H94: Low | I94: 5 | J94: No | K94: No
A95: 1094 | B95: Customer Support | C95: Support Team Lead | D95: 32 | E95: Male | F95: 5.8 | G95: =IF(F95<1,"0-1 yrs",IF(F95<3,"1-3 yrs",IF(F95<7,"3-7 yrs","7+ yrs"))) -> 3-7 yrs | H95: Medium | I95: 3 | J95: No | K95: No
A96: 1095 | B96: Customer Support | C96: Support Agent | D96: 55 | E96: Male | F96: 1 | G96: =IF(F96<1,"0-1 yrs",IF(F96<3,"1-3 yrs",IF(F96<7,"3-7 yrs","7+ yrs"))) -> 1-3 yrs | H96: Medium | I96: 2 | J96: No | K96: Yes | L96: Better Offer
A97: 1096 | B97: Customer Support | C97: Support Agent | D97: 22 | E97: Female | F97: 8.3 | G97: =IF(F97<1,"0-1 yrs",IF(F97<3,"1-3 yrs",IF(F97<7,"3-7 yrs","7+ yrs"))) -> 7+ yrs | H97: Low | I97: 3 | J97: No | K97: Yes | L97: Career Growth
A98: 1097 | B98: Customer Support | C98: Support Agent | D98: 24 | E98: Female | F98: 0.9 | G98: =IF(F98<1,"0-1 yrs",IF(F98<3,"1-3 yrs",IF(F98<7,"3-7 yrs","7+ yrs"))) -> 0-1 yrs | H98: Medium | I98: 4 | J98: Yes | K98: No
A99: 1098 | B99: Operations | C99: Ops Analyst | D99: 24 | E99: Female | F99: 11.2 | G99: =IF(F99<1,"0-1 yrs",IF(F99<3,"1-3 yrs",IF(F99<7,"3-7 yrs","7+ yrs"))) -> 7+ yrs | H99: Medium | I99: 4 | J99: Yes | K99: No
A100: 1099 | B100: Operations | C100: Ops Manager | D100: 50 | E100: Female | F100: 0.8 | G100: =IF(F100<1,"0-1 yrs",IF(F100<3,"1-3 yrs",IF(F100<7,"3-7 yrs","7+ yrs"))) -> 0-1 yrs | H100: Low | I100: 3 | J100: No | K100: Yes | L100: Compensation
...

Sheet Answer Key
A1: Expected PivotTable Results (Answer Key)
A2: Built independently with COUNTIFS — use this to verify your PivotTable numbers match.
A4: Attrition Rate by Department
A5: Department | B5: Headcount | C5: Left | D5: Attrition Rate
A6: Customer Support | B6: =COUNTIF('Employee Data'!$B$2:$B$197,$A6) -> 31 | C6: =COUNTIFS('Employee Data'!$B$2:$B$197,$A6,'Employee Data'!$K$2:$K$197,"Yes") -> 12 | D6: =IFERROR(C6/B6,0) -> 0.38709677
A7: Engineering | B7: =COUNTIF('Employee Data'!$B$2:$B$197,$A7) -> 31 | C7: =COUNTIFS('Employee Data'!$B$2:$B$197,$A7,'Employee Data'!$K$2:$K$197,"Yes") -> 8 | D7: =IFERROR(C7/B7,0) -> 0.25806452
A8: Finance | B8: =COUNTIF('Employee Data'!$B$2:$B$197,$A8) -> 30 | C8: =COUNTIFS('Employee Data'!$B$2:$B$197,$A8,'Employee Data'!$K$2:$K$197,"Yes") -> 11 | D8: =IFERROR(C8/B8,0) -> 0.36666667
A9: HR | B9: =COUNTIF('Employee Data'!$B$2:$B$197,$A9) -> 29 | C9: =COUNTIFS('Employee Data'!$B$2:$B$197,$A9,'Employee Data'!$K$2:$K$197,"Yes") -> 11 | D9: =IFERROR(C9/B9,0) -> 0.37931034
A10: Operations | B10: =COUNTIF('Employee Data'!$B$2:$B$197,$A10) -> 40 | C10: =COUNTIFS('Employee Data'!$B$2:$B$197,$A10,'Employee Data'!$K$2:$K$197,"Yes") -> 11 | D10: =IFERROR(C10/B10,0) -> 0.275
A11: Sales | B11: =COUNTIF('Employee Data'!$B$2:$B$197,$A11) -> 35 | C11: =COUNTIFS('Employee Data'!$B$2:$B$197,$A11,'Employee Data'!$K$2:$K$197,"Yes") -> 17 | D11: =IFERROR(C11/B11,0) -> 0.48571429
A14: Attrition Rate by Tenure Band
A15: Tenure Band | B15: Headcount | C15: Left | D15: Attrition Rate
A16: 0-1 yrs | B16: =COUNTIF('Employee Data'!$G$2:$G$197,$A16) -> 61 | C16: =COUNTIFS('Employee Data'!$G$2:$G$197,$A16,'Employee Data'!$K$2:$K$197,"Yes") -> 30 | D16: =IFERROR(C16/B16,0) -> 0.49180328
A17: 1-3 yrs | B17: =COUNTIF('Employee Data'!$G$2:$G$197,$A17) -> 57 | C17: =COUNTIFS('Employee Data'!$G$2:$G$197,$A17,'Employee Data'!$K$2:$K$197,"Yes") -> 26 | D17: =IFERROR(C17/B17,0) -> 0.45614035
A18: 3-7 yrs | B18: =COUNTIF('Employee Data'!$G$2:$G$197,$A18) -> 49 | C18: =COUNTIFS('Employee Data'!$G$2:$G$197,$A18,'Employee Data'!$K$2:$K$197,"Yes") -> 10 | D18: =IFERROR(C18/B18,0) -> 0.20408163
A19: 7+ yrs | B19: =COUNTIF('Employee Data'!$G$2:$G$197,$A19) -> 29 | C19: =COUNTIFS('Employee Data'!$G$2:$G$197,$A19,'Employee Data'!$K$2:$K$197,"Yes") -> 4 | D19: =IFERROR(C19/B19,0) -> 0.13793103
A22: Attrition Rate by OverTime Status
A23: OverTime | B23: Headcount | C23: Left | D23: Attrition Rate
A24: Yes | B24: =COUNTIF('Employee Data'!$J$2:$J$197,$A24) -> 75 | C24: =COUNTIFS('Employee Data'!$J$2:$J$197,$A24,'Employee Data'!$K$2:$K$197,"Yes") -> 32 | D24: =IFERROR(C24/B24,0) -> 0.42666667
A25: No | B25: =COUNTIF('Employee Data'!$J$2:$J$197,$A25) -> 121 | C25: =COUNTIFS('Employee Data'!$J$2:$J$197,$A25,'Employee Data'!$K$2:$K$197,"Yes") -> 38 | D25: =IFERROR(C25/B25,0) -> 0.31404959
